{"_runtime": 8.556945085525513, "val_loss": 6.59, "_step": 99, "train_loss": 6.068052768707275, "_timestamp": 1596381540.7561886, "swAErr:": 0.5578, "ShiftErr": 0.3062, "swBErr": 0.5721, "Epoch": 100}
