{"_runtime": 7.929365634918213, "swBErr": 0.5649, "ShiftErr": 0.2023, "swAErr:": 0.5238, "val_loss": 5.35, "train_loss": 6.142317771911621, "Epoch": 100, "_timestamp": 1596381715.9762027, "_step": 99}
