{"ShiftErr": 0.2653, "swAErr:": 0.6324, "_timestamp": 1596381644.677477, "_step": 99, "val_loss": 6.0, "_runtime": 7.687499284744263, "Epoch": 100, "train_loss": 8.969758033752441, "swBErr": 0.6302}
