{"swBDiff": 0.9913, "swADiff:": 0.5738, "val_loss": 8.1862, "_timestamp": 1596335633.770302, "Epoch": 50, "_step": 49, "_runtime": 4.234846115112305, "train_loss": 11.106159210205078, "ShiftDiff": 0.2463}
