{"val_loss": 4.66, "swBErr": 0.4864, "_runtime": 8.01900601387024, "Epoch": 100, "train_loss": 4.941235065460205, "_step": 99, "swAErr:": 0.524, "ShiftErr": 0.2193, "_timestamp": 1596381780.9583094}
