{"_timestamp": 1596335345.7781456, "_step": 19, "Epoch": 20, "_runtime": 3.5503618717193604, "swBDiff": 0.7175, "ShiftDiff": 0.3354, "val_loss": 8.025, "swADiff:": 0.9143, "train_loss": 10.272453308105469}
